Time,Energy 1,Energy 2,Total,Scatterer,Absorber
108623,256.366045,360.330631,616.696676,4,6
305441,278.430878,388.288054,666.718932,1,7
335652,350.788473,291.041698,641.830172,3,5
414753,221.418092,438.122881,659.540973,4,5
502390,269.220096,372.678313,641.898409,1,8
574512,248.670277,395.078370,643.748646,4,7
744301,324.193523,329.047745,653.241269,1,7
761639,276.135167,370.137789,646.272956,4,7
770433,264.553397,388.979043,653.532439,4,6
840284,280.052942,413.436687,693.489629,1,8
872449,237.740094,398.459807,636.199901,1,6
1075899,202.141369,438.447804,640.589173,4,8
1124727,239.324868,467.016015,706.340883,2,6
1322778,247.017981,362.487344,609.505326,2,6
1568328,236.559130,435.232101,671.791232,1,5
1956135,240.652154,419.069420,659.721573,3,8
2013515,286.283623,406.380900,692.664523,3,5
2179273,278.982375,373.000157,651.982532,3,6
2343775,253.661492,383.305799,636.967291,2,8
2775759,255.267969,391.226846,646.494815,3,5
2928392,301.053864,374.702517,675.756381,4,7
3135513,261.280080,364.343899,625.623979,1,7
3539461,367.856100,272.227670,640.083770,1,5
3910728,269.432335,417.736286,687.168621,2,5
3980780,180.228242,587.429938,767.658180,3,6
4108723,233.558202,463.084960,696.643162,2,6
4110529,247.059424,431.378142,678.437566,2,6
4376093,228.558340,373.998277,602.556617,1,6
4412861,204.094262,466.957040,671.051301,2,7
4679430,219.102586,435.965684,655.068270,4,8
4870572,339.234207,281.507320,620.741526,4,6
5025290,213.897653,400.497844,614.395497,4,8
5130879,218.216443,440.622784,658.839227,2,7
5230808,251.454312,408.096082,659.550394,4,7
5385963,237.238906,399.983183,637.222090,4,5
5515128,279.000430,423.862036,702.862466,3,6
5519076,249.001504,410.329913,659.331417,3,8
5632288,251.801921,439.108148,690.910069,4,7
5700617,246.481615,416.567182,663.048797,3,7
5753783,237.386132,379.569387,616.955519,1,7
5818802,167.501677,455.774273,623.275950,4,6
6075306,193.902948,466.681736,660.584684,3,6
6144587,270.895254,366.747308,637.642562,1,8
6159606,265.480683,376.927826,642.408508,1,8
6219442,261.087671,431.717003,692.804674,4,5
6288018,293.473639,414.003237,707.476876,1,7
6333646,228.775581,428.427474,657.203056,4,5
6753539,244.559546,436.933053,681.492599,4,8
6818785,206.212039,434.562520,640.774558,1,5
7019635,233.257255,446.320116,679.577370,3,7
7029659,298.977539,380.547270,679.524810,2,5
7062651,283.293572,386.694049,669.987621,3,5
7344126,429.785733,237.323647,667.109380,4,5
7455465,262.460176,395.795650,658.255827,3,8
7584452,288.436316,474.255305,762.691621,3,6
7692216,406.678318,235.415692,642.094010,4,6
7751588,243.749723,406.786026,650.535749,4,8
7956439,261.035451,471.974700,733.010150,4,8
8086163,281.618186,393.673547,675.291733,3,5
8342244,229.393833,437.938677,667.332509,2,7
8377145,184.007459,409.349498,593.356957,4,5
8498974,217.106851,453.212828,670.319679,3,7
8614932,237.567062,450.209130,687.776192,4,8
8694956,256.757978,398.508604,655.266582,1,7
8837536,268.003279,420.006635,688.009914,3,8
8887258,188.854481,367.736830,556.591311,4,6
9565880,230.727428,436.173069,666.900497,4,5
9599869,285.123450,412.741388,697.864838,1,8
9636405,255.768742,451.884986,707.653729,1,5
10075232,284.216267,369.181346,653.397613,2,5
10080481,243.703941,427.885764,671.589705,4,6
10197164,266.991756,418.734021,685.725777,1,7
10250917,233.987574,446.262334,680.249908,1,6
10404206,245.979512,429.435793,675.415305,1,8
10462063,278.598073,381.428496,660.026570,1,6
10768270,237.590592,427.192507,664.783099,4,5
10904001,229.062863,430.315216,659.378079,4,5
10935389,261.537725,427.357649,688.895374,1,7
11174967,241.821238,398.504511,640.325749,2,8
11176339,364.839962,265.321463,630.161425,3,5
11422430,193.207435,442.589838,635.797273,3,7
11526715,516.030035,128.916126,644.946162,2,7
11530489,190.347392,443.701684,634.049075,2,6
11535475,262.594418,403.727350,666.321767,1,7
11665248,277.211101,396.171150,673.382250,3,7
11821269,373.356822,276.355744,649.712567,2,5
12050636,285.024608,404.971718,689.996326,3,6
12058014,256.222698,396.595050,652.817749,2,7
12196790,272.843712,399.155944,671.999656,3,6
12234808,252.763058,428.273660,681.036718,1,5
12289017,236.299498,424.199170,660.498668,4,5
12355221,238.684533,407.018315,645.702848,4,5
12370358,416.720732,279.893055,696.613787,1,8
12456757,262.136902,407.455829,669.592730,2,8
12620328,282.197893,376.321771,658.519665,3,5
12875687,219.632232,433.167411,652.799643,2,7
13227369,296.340672,373.772907,670.113579,1,8
13273684,230.285432,458.952316,689.237748,4,8
13654106,282.811859,378.105187,660.917046,3,5
13662726,263.003750,390.778933,653.782683,2,5
13756042,230.918951,419.888875,650.807826,1,5
14022595,237.540318,398.583748,636.124067,3,6
14224541,275.865197,352.518774,628.383971,3,5
14409822,289.146905,374.478501,663.625405,2,5
14589253,245.421671,394.199375,639.621046,4,8
14636097,291.257551,349.038572,640.296123,4,6
14671658,187.425331,442.264792,629.690122,2,6
14815948,181.101828,482.908199,664.010027,1,8
15083733,223.368989,445.239880,668.608868,3,7
15133026,246.316982,461.691263,708.008244,1,6
15332264,283.125770,383.488305,666.614075,4,7
15398457,277.010940,403.976842,680.987782,4,6
15405088,383.667148,260.238485,643.905633,1,5
15515447,203.141621,435.321242,638.462863,1,6
15643300,184.331925,493.706056,678.037981,4,8
15712156,324.431341,336.132445,660.563785,4,5
15869984,246.026596,425.542364,671.568960,2,7
16054083,214.971959,452.248523,667.220483,3,8
16153525,240.627759,369.751489,610.379248,3,6
16277718,246.918901,455.415615,702.334515,3,6
16390426,266.375342,420.614170,686.989512,2,8
16413676,227.602684,443.723732,671.326416,4,5
16565269,244.229987,433.688897,677.918884,1,5
16835343,277.329705,433.968231,711.297936,4,6
16841480,258.791757,336.058703,594.850460,4,6
16884500,303.965718,349.201996,653.167714,4,6
16893410,293.756495,350.777219,644.533714,4,7
17010078,280.451135,473.138386,753.589521,4,6
17104432,236.159516,424.237197,660.396713,3,8
17239596,250.496360,402.882259,653.378619,4,7
17295585,210.623591,441.815725,652.439316,2,7
17675521,259.391840,382.209155,641.600995,4,8
17858024,238.351787,387.746420,626.098206,2,6
17891943,257.123927,354.727733,611.851660,3,6
18204920,251.285520,390.464947,641.750467,4,6
18478926,168.266147,514.730785,682.996932,2,7
18601953,346.126589,270.574611,616.701200,4,5
18757646,407.636121,243.416166,651.052287,4,5
18774892,469.547273,125.944258,595.491531,4,6
18846984,250.687393,380.140203,630.827596,4,6
18905749,227.413601,434.258438,661.672039,3,8
19077464,235.738038,434.747366,670.485404,4,5
19229806,275.087945,378.786119,653.874065,4,7
19711434,259.760608,375.695551,635.456159,2,8
19756212,226.508738,383.217343,609.726081,1,6
19763736,252.376054,420.330957,672.707011,1,5
19827620,226.639094,437.381186,664.020280,2,6
20030616,228.117053,460.845004,688.962056,1,6
20269103,213.017320,426.743023,639.760343,2,7
20298120,234.525518,437.611407,672.136925,2,7
20331138,174.770404,485.324542,660.094946,3,5
20689611,274.302618,391.088115,665.390733,1,7
20734561,288.186682,399.255383,687.442066,1,7
20875953,376.033851,272.163236,648.197087,3,5
20975323,273.252782,358.560071,631.812853,2,8
21076936,260.416339,387.080504,647.496844,4,6
21314035,236.450502,428.014999,664.465501,3,7
21476618,258.945723,497.944386,756.890109,4,6
21560835,247.520635,438.499736,686.020371,3,6
21615020,321.374386,364.722225,686.096611,4,6
21683800,249.857498,446.344137,696.201634,1,5
21704017,200.807224,461.852451,662.659674,3,5
21992533,246.455880,421.337844,667.793724,1,6
22004984,247.108972,437.654494,684.763466,3,8
22298978,263.932973,432.190654,696.123628,4,6
22337768,260.336031,394.090090,654.426121,2,5
22690744,233.175692,439.433250,672.608942,1,5
22807313,220.567430,422.972574,643.540004,1,5
22808738,195.450282,472.385671,667.835953,2,5
22867853,205.024583,431.565491,636.590074,2,6
22977040,461.417582,153.676433,615.094014,1,8
23168256,515.467062,162.145095,677.612157,1,7
23544334,262.405875,370.273115,632.678990,1,5
23614449,239.937531,442.991495,682.929026,1,5
23658697,245.524482,413.728633,659.253116,3,8
23913284,231.635915,456.465503,688.101418,2,8
24112252,238.960428,383.792099,622.752527,2,7
24115168,234.476948,432.236277,666.713225,2,7
24191422,247.933435,388.397000,636.330435,3,6
24271919,367.662707,259.228268,626.890974,2,8
24290351,243.178055,428.365331,671.543385,2,7
24316821,544.892975,128.896647,673.789622,3,7
24354872,198.083604,456.514496,654.598100,4,5
24405262,217.702392,471.113388,688.815780,4,8
24434561,245.607053,384.350068,629.957121,1,6
24483601,457.532489,145.446382,602.978871,2,5
24736554,225.615114,452.243720,677.858834,3,7
24840746,281.142387,370.919956,652.062343,2,5
24843146,233.004810,448.880065,681.884875,3,8
24858409,295.610642,416.235959,711.846600,3,6
24905222,249.651505,429.556397,679.207901,2,7
25142110,235.854224,454.747960,690.602184,4,8
25445978,188.960821,474.618070,663.578891,1,5
25496781,248.957426,467.911713,716.869139,1,6
25678574,238.182264,417.765278,655.947542,4,5
25865057,187.679422,467.626577,655.306000,1,5
26415253,238.272714,363.155351,601.428065,4,6
26646342,528.677925,67.304187,595.982112,3,6
26662678,267.355139,384.572629,651.927768,2,5
26673166,253.667362,430.279225,683.946586,1,5
26683098,251.689568,406.445427,658.134995,2,6
26849778,258.173758,389.044465,647.218223,1,7
27117671,245.911140,415.357755,661.268895,4,5
27151321,228.528530,407.618786,636.147316,4,8
27402269,222.116863,405.275036,627.391899,1,6
27513698,215.936933,438.300777,654.237710,4,5
27599743,309.659897,389.242728,698.902625,4,7
27649181,249.892347,418.734446,668.626793,2,7
27722274,234.305914,427.579731,661.885645,2,6
27898866,190.487023,469.834988,660.322011,2,5
27926641,197.241443,453.844689,651.086132,1,5
27952961,216.423708,429.417127,645.840836,3,8
27969540,264.218245,459.185441,723.403686,2,6
28358926,452.356751,208.952692,661.309443,2,7
28502487,239.083780,421.868094,660.951875,3,8
28604789,263.188839,384.145640,647.334479,4,5
28630729,494.496493,237.091458,731.587951,4,6
28672114,226.643593,417.176500,643.820093,2,7
28896690,276.287330,402.524620,678.811950,2,5
29030841,204.407159,409.337477,613.744636,1,6
29119030,260.958851,352.612143,613.570994,4,6
29444775,403.822451,261.197782,665.020233,1,6
29569190,186.075986,480.386659,666.462644,2,6
30000214,251.707827,378.529513,630.237340,1,5
30292679,285.623829,369.637244,655.261073,1,8
30422057,314.211416,327.032256,641.243673,2,5
30492034,226.509873,406.738889,633.248762,4,5
30502137,191.168416,533.687905,724.856321,1,6
30551667,292.444576,382.202684,674.647261,1,7
31079604,254.357214,434.040342,688.397556,2,8
31313459,265.599064,409.026202,674.625267,1,7
31330373,254.602171,394.963437,649.565607,4,7
31475433,285.443700,377.456677,662.900377,3,5
31514140,283.057119,395.912693,678.969812,4,6
31598585,263.833714,385.540532,649.374247,2,5
31608799,239.859317,388.782971,628.642288,2,8
31914074,285.073740,392.262761,677.336501,3,5
32114757,223.309427,420.118727,643.428154,4,8
32156729,234.387069,427.056174,661.443243,2,7
32192258,295.431512,389.962400,685.393911,4,7
32344637,508.967176,130.498453,639.465629,3,8
32436452,241.895195,452.447647,694.342842,3,8
32438929,264.279737,421.721929,686.001666,4,6
32460625,539.362415,134.951743,674.314159,2,8
32522202,220.399688,421.292205,641.691894,3,7
32679201,261.709523,380.999168,642.708690,3,5
33062675,203.769704,476.353568,680.123271,1,5
33170780,258.887944,397.547499,656.435443,1,8
33175812,254.517102,423.138860,677.655962,1,5
33288846,245.633016,399.539988,645.173004,3,7
33371442,381.329394,321.065318,702.394713,3,5
33395534,265.768911,429.158507,694.927418,1,8
33418692,421.868303,201.348087,623.216390,4,8
33465581,227.831017,412.077549,639.908567,3,7
33506810,220.344697,417.794062,638.138759,3,7
33578359,206.356838,433.616618,639.973456,3,7
33651863,254.702599,403.214878,657.917476,1,7
33916068,295.717834,339.606296,635.324130,4,6
34243146,223.405328,461.847270,685.252599,2,6
34281796,194.880773,468.353891,663.234664,2,6
34302540,324.099166,378.982994,703.082160,4,6
34387561,229.070107,440.777537,669.847644,2,7
34498026,219.490074,438.390840,657.880914,4,8
34542293,284.363452,392.945510,677.308962,4,7
34660711,257.504391,388.189850,645.694241,3,5
34940989,244.044842,402.159387,646.204228,1,8
34982323,250.399365,323.967339,574.366704,2,6
35167644,396.362814,289.950828,686.313642,3,7
35201610,253.672739,356.512710,610.185449,4,6
35249922,281.264954,350.387198,631.652152,1,5
35421850,256.713553,435.501765,692.215318,1,6
35471098,257.175952,345.817034,602.992986,4,6
35475429,226.957022,449.898690,676.855711,1,5
35538082,265.155224,364.806587,629.961811,3,6
35707982,407.919157,328.518002,736.437159,1,6
35782910,282.152757,409.973722,692.126478,3,6
35984846,220.124785,423.738715,643.863500,3,7
36309293,229.860333,447.103797,676.964130,2,7
36729491,302.931902,326.698930,629.630832,2,5
36730049,285.614633,393.011588,678.626221,2,5
36818630,234.236154,455.307170,689.543324,3,8
37074392,512.216274,144.447225,656.663499,2,6
37082311,238.800973,409.858202,648.659176,1,5
37139171,267.121742,382.406062,649.527803,1,8
37184462,325.193494,335.127105,660.320599,3,7
37615301,208.963765,470.613654,679.577420,3,8
37732865,189.502781,537.382038,726.884819,1,6
38052940,209.976279,424.562132,634.538411,4,5
38221395,255.880167,394.171874,650.052041,2,7
38306568,250.381090,433.721038,684.102128,3,8
38547770,252.179665,426.420655,678.600320,4,6
38648971,155.918971,484.961833,640.880804,2,7
38717855,235.053425,418.616767,653.670192,2,7
38855115,244.719330,430.870807,675.590137,2,6
38912376,229.205083,431.030963,660.236046,3,7
39031336,249.955864,359.157118,609.112982,4,7
39213935,229.196630,447.433781,676.630410,2,7
39332049,230.917724,406.489013,637.406736,1,5
39409430,270.292506,445.782356,716.074862,2,7
39439152,292.681910,402.851934,695.533844,1,7
39773975,222.546196,441.321401,663.867597,2,6
39869017,239.831262,411.983508,651.814770,4,8
39997608,216.855928,423.869628,640.725556,1,5
40095328,249.329210,512.479203,761.808413,2,6
40158477,258.153169,399.545793,657.698963,1,7
40263474,272.928419,384.007883,656.936302,2,6
40386385,465.577442,175.880053,641.457495,3,6
40641161,263.349099,446.559757,709.908856,1,6
40723903,296.059439,399.725272,695.784711,4,7
40887334,225.751175,445.492119,671.243294,3,8
40897018,216.962092,452.935564,669.897656,2,8
41084848,271.509116,397.254141,668.763257,2,5
41176454,280.924282,384.409512,665.333793,2,8
41193509,274.146598,405.890680,680.037278,1,7
41233687,256.525282,403.426186,659.951467,1,8
41281782,267.464001,383.841025,651.305026,2,7
41363068,199.108608,448.395458,647.504066,1,6
41592925,366.953728,306.635451,673.589179,1,7
41651742,274.954377,412.841758,687.796135,4,7
41978641,251.401885,366.511805,617.913690,4,7
41996012,282.441093,409.034037,691.475130,2,5
42098883,249.204190,453.804089,703.008279,2,6
42101996,271.009050,392.099820,663.108870,2,8
42132201,262.515350,407.593665,670.109014,1,8
42153232,234.214850,375.368448,609.583298,2,6
42155207,275.818538,363.559119,639.377658,2,8
42176912,245.452266,417.246550,662.698816,1,5
42183354,235.687848,410.346512,646.034360,1,5
42184983,224.921082,441.126010,666.047092,1,6
42756673,284.323100,367.877534,652.200634,3,7
42896478,326.858994,351.539526,678.398520,3,8
43140360,223.341911,415.911773,639.253684,2,7
43174962,395.610652,250.040284,645.650936,1,7
43693121,449.089174,236.396211,685.485386,3,8
43845538,258.678322,403.691610,662.369932,3,5
43866638,176.377593,495.929297,672.306890,3,5
43876341,170.284732,480.961722,651.246454,3,7
43992784,207.810292,449.894522,657.704814,3,7
44152944,361.612229,275.362741,636.974970,3,8
44583911,239.000232,404.807913,643.808145,1,8
44627301,246.266798,419.581687,665.848485,2,6
44691040,224.574638,460.588302,685.162941,1,6
44729218,256.727072,417.415801,674.142873,1,7
44839671,236.050321,428.467533,664.517855,2,6
45053121,292.433450,427.815344,720.248794,4,6
45101101,221.305613,435.183840,656.489453,2,7
45115993,238.979327,390.404520,629.383847,2,6
45395816,241.175516,354.914428,596.089944,3,6
45396028,251.483179,395.448231,646.931410,4,7
45519385,260.027684,406.279722,666.307406,1,5
45798591,283.457710,418.363625,701.821335,2,8
45880605,259.907288,436.663654,696.570942,1,7
46015405,242.906073,421.391287,664.297360,3,7
46034605,365.034470,321.989840,687.024310,3,7
46280365,211.731631,517.878648,729.610279,1,6
46485822,235.940849,422.502075,658.442924,3,8
47213782,272.487911,370.400518,642.888429,3,7
47215098,267.341906,381.832406,649.174313,2,8
47701214,249.188393,411.483969,660.672362,1,8
47707658,244.586621,440.190332,684.776953,4,8
47764822,517.813959,142.696969,660.510928,2,7
47823461,196.042585,454.098832,650.141417,2,6
47904282,436.161049,250.604540,686.765589,3,8
48099105,547.316773,150.073511,697.390284,2,5
48219866,263.852582,404.092654,667.945236,3,5
48222681,230.023556,395.637561,625.661117,1,5
48319471,178.412566,480.144809,658.557375,4,8
48566829,275.826264,373.816403,649.642667,3,6
49123409,246.967817,367.881528,614.849346,2,6
49313883,276.105243,298.381127,574.486370,2,6
49389455,432.527337,300.214368,732.741706,3,6
49686724,241.590357,396.608734,638.199092,4,8
49757237,265.642043,376.930771,642.572814,4,6
49840042,276.804815,387.066625,663.871439,3,5
49939994,236.541814,440.039049,676.580863,3,8
49948789,241.933160,423.953935,665.887094,2,7
49997834,271.636806,415.713054,687.349860,4,8
50207009,146.919950,410.063850,556.983800,2,6
50253936,221.015814,442.627793,663.643607,2,7
50366156,224.707778,425.701752,650.409530,4,8
50535524,241.275211,414.791412,656.066623,1,6
50537583,515.329472,156.645851,671.975323,4,6
50545841,257.865988,427.699612,685.565600,2,8
50596895,226.504222,429.778772,656.282994,1,5
50744474,260.820637,403.600872,664.421508,1,7
50752398,168.582091,483.950802,652.532893,1,8
51055859,275.172323,377.444549,652.616872,2,8
51288284,296.476397,368.207035,664.683432,4,7
51335518,241.947571,404.583341,646.530912,4,5
51359810,225.802134,489.025935,714.828070,3,8
51370551,269.029134,379.762193,648.791327,2,5
51421337,244.373043,440.020125,684.393168,1,5
51445546,268.835771,396.392564,665.228335,4,5
51539488,212.645071,423.874403,636.519474,4,5
51542375,262.184084,332.994474,595.178558,3,6
51546333,417.866939,259.149700,677.016639,3,6
51818990,250.300201,424.708457,675.008658,4,5
52078661,234.582469,484.432017,719.014486,2,6
52094934,283.098149,391.732690,674.830839,3,5
52168579,358.015304,333.467487,691.482792,1,8
52287261,258.804509,482.979285,741.783794,3,6
52563032,255.302187,407.304115,662.606302,4,6
52634855,245.781327,407.673777,653.455103,1,6
52652443,242.488489,440.941985,683.430474,2,6
52764192,222.818486,403.077824,625.896311,2,6
52835277,283.307132,373.443702,656.750834,4,7
53019664,298.737876,387.091502,685.829378,3,6
53116692,217.713651,475.759802,693.473453,1,5
53271703,227.788295,398.186556,625.974852,2,8
53340681,289.861345,385.847495,675.708840,3,5
53418589,230.823700,501.941784,732.765484,2,6
53438816,232.886972,450.724341,683.611313,4,5
53686564,341.260758,287.430058,628.690816,4,5
53779981,281.148539,402.840726,683.989265,3,5
53947774,281.476351,391.816073,673.292425,1,7
54095925,251.512698,404.486882,655.999580,2,8
54095930,244.870913,409.984770,654.855683,3,7
54459767,226.144350,408.475654,634.620004,2,7
54468799,268.438244,343.636076,612.074320,2,8
54553704,516.454008,153.097684,669.551692,1,8
54657437,264.138999,390.444432,654.583431,3,5
54758286,212.278148,443.350678,655.628827,1,5
54831285,264.117726,371.493128,635.610854,4,6
54951562,235.545827,439.758912,675.304739,2,7
55947074,262.219938,403.029831,665.249769,4,6
55986764,244.296903,407.162987,651.459890,3,5
56095770,312.893158,353.249635,666.142794,2,5
56227721,271.866204,393.034778,664.900982,2,5
56779522,283.196037,371.215137,654.411174,4,6
57019306,236.007396,408.899821,644.907218,1,6
57107161,246.632567,404.388610,651.021177,3,7
57237655,165.081351,480.826971,645.908322,3,7
57257937,230.687942,423.213617,653.901558,2,7
57280770,221.696574,417.778500,639.475074,4,8
57452838,271.848729,459.928636,731.777365,4,6
57563144,263.087349,398.518806,661.606156,4,5
57790414,267.684593,406.869586,674.554179,4,7
57903455,237.674596,397.697336,635.371932,1,5
57960205,221.236357,424.579937,645.816294,4,5
58007195,238.246331,346.943515,585.189846,4,6
58124416,167.655689,517.882775,685.538464,1,5
58167791,200.206630,417.702528,617.909158,3,7
58430242,148.221202,584.823139,733.044341,2,6
58595045,367.288980,288.509429,655.798409,1,7
58778569,221.217100,398.919252,620.136352,3,7
59041523,281.131382,394.428177,675.559560,1,8
59243667,267.007246,387.760379,654.767624,3,6
59503293,241.533603,406.440204,647.973807,3,7
59515218,278.460843,404.973433,683.434276,4,7
59635906,248.715122,450.673333,699.388456,3,7
59690805,474.998882,166.066316,641.065199,2,8
59699250,275.639815,413.981809,689.621624,3,5
59762383,276.419258,323.292673,599.711931,3,6
59930265,281.284742,390.795116,672.079858,1,7
59966431,254.090643,393.347063,647.437706,2,8
60101588,183.206301,441.705279,624.911580,2,7
60132997,268.861024,397.280524,666.141548,1,8
60278140,209.353187,409.510364,618.863550,1,6
60474081,242.906087,397.002292,639.908378,4,6
60505352,229.468659,433.429044,662.897704,4,8
60533068,211.438042,444.368379,655.806421,3,7
60556081,231.019990,421.134049,652.154039,3,8
60582033,270.441145,399.415719,669.856864,1,7
60607187,266.661269,418.552887,685.214156,4,7
60651546,246.274246,369.112987,615.387233,1,6
60655695,221.742669,479.087271,700.829940,3,7
60871666,304.019151,404.045730,708.064881,4,6
60940247,225.358300,408.401021,633.759321,4,5
61052332,221.496217,435.587445,657.083662,4,8
61201559,203.275979,425.823242,629.099222,4,5
61384762,298.205667,367.139529,665.345196,1,6
61580136,335.556348,315.629166,651.185514,3,8
61888348,222.775136,445.766821,668.541957,4,5
61933518,335.448222,336.067371,671.515593,3,6
62066030,265.250004,383.580328,648.830332,3,5
62100880,251.899609,409.140437,661.040045,2,7
62359258,255.990008,370.727404,626.717412,2,7
62751198,242.334650,378.477044,620.811695,3,6
62752328,235.488093,402.796855,638.284948,3,8
62861613,233.635872,400.684386,634.320258,1,6
63155263,185.367324,475.772954,661.140278,3,5
63195529,221.057242,401.515556,622.572797,1,6
63248958,524.193995,138.486937,662.680931,4,6
63363411,156.956407,463.078744,620.035151,1,7
63465316,314.223134,340.083225,654.306359,3,6
63499065,268.223494,393.758157,661.981651,4,6
63727997,189.027049,474.124815,663.151864,2,5
63780606,226.171633,417.639957,643.811589,3,7
63811958,208.328301,454.254035,662.582336,3,8
63962369,223.035815,404.874585,627.910401,4,5
64357321,257.684334,397.106354,654.790688,4,6
64499512,251.158862,381.588028,632.746890,1,7
64607136,226.896549,471.838252,698.734801,2,7
64665567,218.030358,446.740503,664.770860,3,7
64731244,273.112361,382.239288,655.351648,4,7
64742391,249.460952,376.475229,625.936181,2,8
64775146,261.852952,387.434773,649.287725,4,6
65111647,284.725719,372.608882,657.334602,3,5
65116737,236.657845,402.166425,638.824270,2,7
65409421,262.557718,402.676862,665.234581,4,5
65411519,244.125765,399.531811,643.657577,1,5
65443617,216.887420,432.041920,648.929341,3,8
65657072,191.643490,411.865416,603.508906,3,8
65676506,269.171266,416.545712,685.716978,2,5
66486858,226.678519,444.803363,671.481882,2,6
66514279,252.873609,422.880282,675.753891,2,7
66634374,227.260610,459.080472,686.341081,1,6
66739240,315.448114,321.799912,637.248025,2,8
66750955,224.786576,432.635866,657.422442,2,7
67201661,461.846426,203.392830,665.239256,3,5
67784805,214.695898,413.366865,628.062763,1,5
67825965,184.723952,479.270991,663.994944,2,7
67997433,252.904570,410.546252,663.450822,4,5
68031911,288.250519,421.735799,709.986318,3,6
68161242,276.509524,392.617763,669.127287,3,6
68250253,264.683757,346.775114,611.458870,2,6
68269405,158.643327,452.597588,611.240915,1,7
68336285,280.144358,365.968127,646.112486,2,8
68374314,225.932503,435.698935,661.631438,4,5
68601452,268.397272,389.608891,658.006162,1,8
68830877,215.334940,529.875959,745.210899,2,6
68953640,275.252724,391.130955,666.383679,3,5
69101772,207.233764,441.670439,648.904203,3,5
69168494,256.358401,410.999278,667.357679,1,7
69261584,222.729750,456.579295,679.309045,1,6
69376531,233.533232,406.525403,640.058634,2,5
69581906,260.035143,410.587200,670.622343,4,7
69611511,231.931409,403.424683,635.356091,4,5
69686484,253.002133,424.497088,677.499221,4,5
69746089,203.063850,472.043273,675.107122,1,5
69748396,295.026783,411.642460,706.669244,2,8
69797851,333.396722,316.987309,650.384031,4,5
69801486,272.462569,390.043838,662.506407,3,7
69892616,294.009938,364.717752,658.727690,3,6
70111515,231.740573,430.930874,662.671447,2,7
70175129,181.263559,462.395034,643.658592,2,8
70507293,244.765858,398.751368,643.517226,4,5
70601697,256.564969,413.091041,669.656010,2,7
70719390,489.538229,154.713074,644.251303,2,5
70803079,256.990821,468.343906,725.334727,3,8
70881690,246.278291,453.303423,699.581713,2,6
70890267,229.505845,405.048701,634.554546,3,8
70903726,179.155499,414.699823,593.855322,1,6
70918275,227.584154,417.874410,645.458564,2,7
70957492,300.020596,376.013802,676.034398,4,7
71060852,234.826283,432.297654,667.123937,1,6
71367656,267.549380,436.566634,704.116015,3,6
71440767,221.623388,408.973037,630.596425,4,8
71499784,329.752402,343.556799,673.309201,3,7
71551259,230.064528,444.137635,674.202163,4,8
71571842,258.340668,446.491647,704.832315,4,6
71608595,270.697987,401.031144,671.729132,3,6
71642213,262.199153,428.629041,690.828194,2,8
72097535,289.563933,364.237507,653.801441,3,6
72152193,225.880437,455.995583,681.876020,4,6
72343966,279.952790,403.974884,683.927674,1,5
72350971,186.458733,447.506375,633.965108,1,5
72459536,306.555950,363.654763,670.210712,3,6
72497854,156.427857,533.212459,689.640316,1,6
72547873,248.229957,428.757391,676.987348,3,8
72562827,265.067024,433.589331,698.656356,1,6
72594708,232.136448,443.093127,675.229575,2,5
72788620,218.152464,433.974804,652.127267,4,5
72858277,237.973337,402.355253,640.328591,1,5
72943522,221.478278,436.420747,657.899026,1,5
73027286,323.963794,327.595897,651.559691,2,6
73109074,200.029007,439.169375,639.198382,4,8
73134003,267.923251,329.923683,597.846934,3,6
73202328,278.752623,351.038910,629.791533,1,8
73378565,239.112367,448.740761,687.853128,4,8
73401197,522.014147,137.820025,659.834172,1,6
73599078,235.067634,431.778393,666.846027,3,8
73755649,157.568320,528.640521,686.208841,1,5
74038930,250.576763,405.292841,655.869604,3,8
74269045,468.993178,182.394060,651.387238,3,6
74317329,242.664725,446.127852,688.792577,4,5
74359462,233.771097,397.025807,630.796904,2,7
74380054,230.783286,455.903008,686.686294,2,7
74418163,257.414738,451.060537,708.475275,4,8
74495319,285.116126,384.024319,669.140445,1,8
74582546,264.790622,370.362365,635.152988,1,7
74926383,222.772677,445.197847,667.970523,3,8
74961483,275.400380,382.081857,657.482237,3,5
75062373,274.420478,391.696087,666.116566,2,7
75185486,283.234222,420.809359,704.043580,1,8
75422721,263.894200,357.604613,621.498813,1,6
75433411,425.456995,238.240194,663.697190,1,7
75605649,226.287870,436.833813,663.121683,1,5
75640658,231.582814,411.781728,643.364543,1,6
75782638,233.136568,453.005093,686.141661,1,6
75804167,228.639422,458.572437,687.211859,4,6
75936202,281.812607,342.619535,624.432142,2,7
76045698,235.017810,447.614175,682.631985,2,6
76085018,242.932436,430.745014,673.677450,4,8
76326449,198.007317,506.672895,704.680212,4,7
76719746,226.571995,441.424015,667.996010,3,7
76839497,234.998140,408.874070,643.872210,4,5
77008606,265.086478,373.985580,639.072057,4,7
77112147,249.355462,406.378209,655.733671,3,8
77125510,220.481810,401.885101,622.366910,3,7
77339596,239.445834,432.148450,671.594284,2,7
77341994,256.234466,423.106342,679.340808,4,5
77502607,234.633683,429.743247,664.376930,3,7
77537472,291.308199,386.148761,677.456960,3,5
77551658,258.102405,530.280081,788.382486,2,6
77806388,245.017677,421.985282,667.002959,4,8
77920822,243.423608,433.888290,677.311898,2,6
78097852,241.299340,383.704574,625.003914,2,6
78163632,280.608169,356.797034,637.405203,1,8
78184093,365.996111,293.891801,659.887913,1,8
78299663,316.095748,363.881556,679.977304,2,7
78379058,241.543134,414.385223,655.928357,3,7
78850848,286.085492,383.529504,669.614996,2,7
78883594,301.501630,383.816074,685.317704,2,5
79083023,270.487666,378.975256,649.462922,3,8
79084193,253.298876,391.663294,644.962170,4,6
79336956,196.145682,452.433716,648.579398,4,6
79819398,248.198343,387.538984,635.737327,1,7
80171966,292.534176,392.606445,685.140621,3,5
80178414,230.860024,403.116591,633.976615,3,5
80398880,252.136011,388.324289,640.460300,3,7
80565132,175.308505,484.766026,660.074532,4,8
80606045,275.489890,376.065395,651.555285,4,6
80746691,245.625750,387.775559,633.401309,2,8
80784433,248.800304,419.814516,668.614820,2,7
81037646,249.865658,443.822364,693.688022,2,6
81209693,226.063642,434.816032,660.879675,1,5
81313510,238.643145,418.423569,657.066714,3,7
81427327,230.984337,456.247709,687.232046,2,6
81444577,286.649129,390.820414,677.469543,3,8
81534308,223.216053,455.338774,678.554827,3,8
81643431,269.988151,400.512944,670.501095,3,6
81950498,254.044222,401.955533,655.999755,4,5
81963761,234.440101,407.756630,642.196731,4,5
81978417,277.406999,374.610397,652.017396,4,6
82142865,440.659814,126.709329,567.369143,4,6
82193166,270.013715,386.022762,656.036477,1,5
82385696,506.966377,148.974737,655.941114,3,5
82537142,217.383059,427.727404,645.110463,1,6
82661393,279.161882,390.063994,669.225876,3,6
82733145,275.470182,373.898814,649.368996,2,8
83006868,231.684386,449.998782,681.683168,1,6
83105293,358.110855,311.843696,669.954551,3,7
83112921,454.561488,210.679543,665.241031,4,8
83256298,241.101806,425.633687,666.735493,2,6
83908653,208.077363,446.628222,654.705585,1,6
83920161,275.559574,389.535613,665.095186,1,7
83969979,231.497206,397.412700,628.909906,1,8
84033141,205.168199,454.985190,660.153389,3,7
84049495,303.103401,391.624244,694.727646,3,6
84133642,281.287189,359.568993,640.856181,2,6
84374360,277.420746,322.031740,599.452487,1,8
84474860,293.059259,401.828923,694.888182,4,7
84483525,261.301303,382.847356,644.148659,4,5
84548860,387.087250,304.211838,691.299088,1,5
84559722,277.268542,389.480865,666.749406,1,7
84649922,224.035019,426.704977,650.739996,4,8
84701254,533.937135,151.109938,685.047072,1,7
84820047,250.162015,421.946724,672.108739,1,7
84945538,386.665368,244.616764,631.282132,1,8
84946827,292.163642,386.361553,678.525195,4,7
85116222,249.055508,395.687474,644.742982,3,7
85117148,244.942754,409.461616,654.404370,2,8
85187946,273.404583,410.135745,683.540328,4,8
85237061,411.050141,304.232664,715.282804,3,6
85344632,213.160778,401.600224,614.761002,4,8
85476631,265.927422,444.379298,710.306719,3,7
85768922,263.889862,360.123530,624.013392,3,6
85942043,256.540450,393.027595,649.568045,2,8
85988902,211.927705,443.295158,655.222864,4,8
86038439,219.723078,429.225330,648.948408,3,7
86077673,279.778962,385.131610,664.910572,4,7
86143639,244.773359,425.754383,670.527742,4,5
86152895,282.002406,398.880783,680.883189,1,6
86197463,261.069316,412.111829,673.181144,2,8
86253954,242.094715,521.712929,763.807645,1,6
86287543,240.156948,425.026883,665.183831,3,7
86611448,286.949034,420.797877,707.746911,4,7
86661493,306.135513,336.384114,642.519627,1,7
86746867,255.639766,396.680105,652.319871,2,5
86982650,278.768292,420.242829,699.011121,2,7
87010528,240.382295,424.023327,664.405622,2,7
87206652,258.792483,349.312910,608.105393,3,6
87339204,239.348945,421.903511,661.252456,3,5
87464542,262.268081,402.867399,665.135480,2,5
87487907,276.308887,385.743987,662.052874,2,8
87560864,256.256256,422.682317,678.938572,4,7
87587707,216.320354,428.465416,644.785771,1,5
87823079,215.453503,434.130344,649.583847,4,8
88301913,268.742624,394.691014,663.433638,2,5
88322859,233.534543,456.070058,689.604600,2,6
88672338,274.110540,389.760278,663.870819,3,5
89010455,270.629348,421.134833,691.764180,3,8
89254424,295.861428,371.301347,667.162775,4,7
89335275,172.323870,484.702224,657.026094,1,7
89501836,244.568017,383.620487,628.188504,4,6
89621043,226.302796,434.485961,660.788757,4,5
89825282,243.258649,389.649934,632.908583,1,7
89956897,246.938712,391.866024,638.804736,3,7
90148739,257.753518,423.911871,681.665389,2,6
90382949,249.236773,420.204282,669.441056,4,6
90422212,200.673170,421.943523,622.616693,4,8
90459018,218.612492,490.312656,708.925147,2,6
90598237,236.570138,407.636353,644.206491,1,5
91645370,199.620657,485.216252,684.836909,4,7
92024414,259.216366,415.184461,674.400827,1,7
92396675,239.594699,437.940974,677.535672,4,8
92681261,219.140816,430.916872,650.057688,3,8
92970174,263.307387,415.473252,678.780640,3,8
92978364,265.257365,352.271028,617.528393,4,6
93073207,280.824120,373.385932,654.210052,4,6
93089888,255.631882,425.384442,681.016325,1,7
93406785,268.145968,393.546576,661.692543,1,8
93661949,264.853649,387.599635,652.453284,2,5
93696435,218.914567,415.051658,633.966225,2,7
93784092,196.780678,475.598835,672.379513,3,5
94071036,259.769934,406.934336,666.704270,2,5
94075027,241.533092,462.492591,704.025683,2,6
94160945,242.633563,414.654375,657.287938,4,5
94258933,218.728077,506.406862,725.134939,1,6
94267746,290.766513,406.629835,697.396349,4,6
94285326,422.993269,267.279869,690.273139,2,5
94354052,247.466320,430.836654,678.302974,1,5
94382076,275.903959,416.222444,692.126403,4,7
94420157,414.808635,247.186697,661.995332,2,5
95156673,279.127452,347.704246,626.831698,1,7
95244010,264.691540,434.740907,699.432447,3,6
95580947,217.440243,435.227226,652.667469,4,5
96036580,262.043263,435.205352,697.248614,3,5
96274401,190.524862,469.819141,660.344003,2,8
96276287,259.052556,398.992149,658.044704,3,5
96316975,249.995215,409.384167,659.379383,4,8
96348462,266.140528,391.454122,657.594650,4,6
96363871,135.972698,504.019601,639.992299,4,7
96433398,229.360893,411.843913,641.204806,1,6
96484084,281.567370,383.477202,665.044573,1,7
96511266,229.234711,430.171770,659.406481,2,7
96544893,246.782456,409.061040,655.843496,3,5
96710426,247.823799,420.557499,668.381298,3,8
96732214,245.984687,403.289831,649.274518,4,5
96865997,236.660576,475.656015,712.316591,4,6
96908018,204.294705,480.357333,684.652038,1,5
97042844,276.162534,372.352374,648.514908,4,6
97262222,237.944224,440.988150,678.932375,2,7
97417230,273.752027,403.113277,676.865304,2,7
97543228,276.330818,408.262717,684.593535,1,8
97583282,269.535965,428.002794,697.538760,3,5
98112887,287.965327,374.733529,662.698856,1,7
98171636,222.184735,413.546296,635.731031,3,8
98225188,322.181042,327.909337,650.090379,3,8
98844584,311.914257,406.137552,718.051809,2,5
98930102,186.002006,506.455211,692.457217,3,6
98940804,238.544902,487.436149,725.981051,1,6
99041378,285.957394,357.812033,643.769427,1,7
99047601,272.435393,388.941601,661.376994,2,8
99247864,265.312247,395.603051,660.915298,1,7
99388672,225.404893,469.066289,694.471181,2,8
99458921,215.965930,424.068592,640.034522,1,5
99479344,260.485670,358.437188,618.922858,3,6
99589253,310.358027,383.252370,693.610397,1,7
99831526,282.538983,368.342901,650.881884,1,7
99831760,230.959639,433.292603,664.252243,2,7
99943504,232.370909,423.693543,656.064453,1,6
